<?xml version="1.0" encoding="utf-8"?>
<ModelInformation Version="1.0">
  <Model>
    <P Name="SavedCharacterEncoding">windows-1252</P>
    <P Name="ScopeRefreshTime">0.035000</P>
    <P Name="OverrideScopeRefreshTime">on</P>
    <P Name="DisableAllScopes">on</P>
    <P Name="DataTypeOverride">UseLocalSettings</P>
    <P Name="DataTypeOverrideAppliesTo">AllNumericTypes</P>
    <P Name="MinMaxOverflowLogging">UseLocalSettings</P>
    <P Name="MinMaxOverflowArchiveMode">Overwrite</P>
    <P Name="FPTRunName">Run 1</P>
    <P Name="MaxMDLFileLineLength">120</P>
    <Object PropName="BdWindowsInfo" ObjectID="1" ClassName="Simulink.BDWindowsInfo">
      <Object PropName="WindowsInfo" ObjectID="2" ClassName="Simulink.WindowInfo">
        <P Name="IsActive" Class="logical">1</P>
        <P Name="Location" Class="double">[-9.0, -9.0, 1938.0, 1048.0]</P>
        <Object PropName="ModelBrowserInfo" ObjectID="3" ClassName="Simulink.ModelBrowserInfo">
          <P Name="Visible" Class="logical">0</P>
          <P Name="DockPosition" Class="char">Left</P>
          <P Name="Width" Class="int32">50</P>
          <P Name="Height" Class="int32">50</P>
          <P Name="Filter" Class="int32">9</P>
        </Object>
        <Object PropName="ExplorerBarInfo" ObjectID="4" ClassName="Simulink.ExplorerBarInfo">
          <P Name="Visible" Class="logical">1</P>
        </Object>
        <Object PropName="EditorsInfo" ObjectID="5" ClassName="Simulink.EditorInfo">
          <P Name="IsActive" Class="logical">1</P>
          <P Name="ViewObjType" Class="char">SimulinkTopLevel</P>
          <P Name="LoadSaveID" Class="char">0</P>
          <P Name="Extents" Class="double">[1886.0, 846.0]</P>
          <P Name="ZoomFactor" Class="double">1.0</P>
          <P Name="Offset" Class="double">[0.0, 0.0]</P>
        </Object>
      </Object>
    </Object>
    <ConfigManagerSettings>
      <P Name="UpdateHistory">UpdateHistoryNever</P>
      <P Name="ModifiedByFormat">%&lt;Auto&gt;</P>
      <P Name="ModifiedDateFormat">%&lt;Auto&gt;</P>
      <P Name="RTWModifiedTimeStamp">439309141</P>
      <P Name="ModelVersionFormat">1.%&lt;AutoIncrement:24&gt;</P>
    </ConfigManagerSettings>
    <EditorSettings>
      <P Name="SampleTimeColors">off</P>
      <P Name="SampleTimeAnnotations">off</P>
      <P Name="LibraryLinkDisplay">disabled</P>
      <P Name="WideLines">off</P>
      <P Name="ShowLineDimensions">off</P>
      <P Name="ShowPortDataTypes">off</P>
      <P Name="ShowDesignRanges">off</P>
      <P Name="ShowLoopsOnError">on</P>
      <P Name="IgnoreBidirectionalLines">off</P>
      <P Name="ShowStorageClass">off</P>
      <P Name="ShowTestPointIcons">on</P>
      <P Name="ShowSignalResolutionIcons">on</P>
      <P Name="ShowViewerIcons">on</P>
      <P Name="SortedOrder">off</P>
      <P Name="ExecutionContextIcon">off</P>
      <P Name="ShowLinearizationAnnotations">on</P>
      <P Name="ShowMarkup">on</P>
      <P Name="BlockNameDataTip">off</P>
      <P Name="BlockParametersDataTip">off</P>
      <P Name="BlockDescriptionStringDataTip">off</P>
      <P Name="ToolBar">on</P>
      <P Name="StatusBar">on</P>
      <P Name="BrowserShowLibraryLinks">off</P>
      <P Name="BrowserLookUnderMasks">off</P>
    </EditorSettings>
    <SimulationSettings>
      <P Name="SimulationMode">normal</P>
      <P Name="PauseTimes">5</P>
      <P Name="NumberOfSteps">1</P>
      <P Name="SnapshotBufferSize">10</P>
      <P Name="SnapshotInterval">10</P>
      <P Name="NumberOfLastSnapshots">0</P>
      <P Name="LinearizationMsg">none</P>
      <P Name="Profile">off</P>
      <P Name="ParamWorkspaceSource">MATLABWorkspace</P>
      <P Name="AccelSystemTargetFile">accel.tlc</P>
      <P Name="AccelTemplateMakefile">accel_default_tmf</P>
      <P Name="AccelMakeCommand">make_rtw</P>
      <P Name="TryForcingSFcnDF">off</P>
      <Object PropName="DataLoggingOverride" ObjectID="6" ClassName="Simulink.SimulationData.ModelLoggingInfo">
        <P Name="model_" Class="char">hack1</P>
        <P Name="overrideMode_" Class="uint32">0U</P>
        <Array PropName="logAsSpecifiedByModels_" Type="Cell" Dimension="1*1">
          <Cell Class="char">hack1</Cell>
        </Array>
        <Array PropName="logAsSpecifiedByModelsSSIDs_" Type="Cell" Dimension="1*1">
          <Cell Class="double">[]</Cell>
        </Array>
      </Object>
    </SimulationSettings>
    <Verification>
      <P Name="RecordCoverage">off</P>
      <P Name="CovPath">/</P>
      <P Name="CovSaveName">covdata</P>
      <P Name="CovMetricSettings">dw</P>
      <P Name="CovNameIncrementing">off</P>
      <P Name="CovHtmlReporting">on</P>
      <P Name="CovForceBlockReductionOff">on</P>
      <P Name="CovEnableCumulative">on</P>
      <P Name="covSaveCumulativeToWorkspaceVar">on</P>
      <P Name="CovSaveSingleToWorkspaceVar">on</P>
      <P Name="CovCumulativeVarName">covCumulativeData</P>
      <P Name="CovCumulativeReport">off</P>
      <P Name="CovReportOnPause">on</P>
      <P Name="CovModelRefEnable">Off</P>
      <P Name="CovExternalEMLEnable">off</P>
      <P Name="CovSFcnEnable">on</P>
      <P Name="CovBoundaryAbsTol">0.000010</P>
      <P Name="CovBoundaryRelTol">0.010000</P>
      <P Name="CovUseTimeInterval">off</P>
      <P Name="CovStartTime">0</P>
      <P Name="CovStopTime">0</P>
    </Verification>
    <ExternalMode>
      <P Name="ExtModeBatchMode">off</P>
      <P Name="ExtModeEnableFloating">on</P>
      <P Name="ExtModeTrigType">manual</P>
      <P Name="ExtModeTrigMode">normal</P>
      <P Name="ExtModeTrigPort">1</P>
      <P Name="ExtModeTrigElement">any</P>
      <P Name="ExtModeTrigDuration">1000</P>
      <P Name="ExtModeTrigDurationFloating">auto</P>
      <P Name="ExtModeTrigHoldOff">0</P>
      <P Name="ExtModeTrigDelay">0</P>
      <P Name="ExtModeTrigDirection">rising</P>
      <P Name="ExtModeTrigLevel">0</P>
      <P Name="ExtModeArchiveMode">off</P>
      <P Name="ExtModeAutoIncOneShot">off</P>
      <P Name="ExtModeIncDirWhenArm">off</P>
      <P Name="ExtModeAddSuffixToVar">off</P>
      <P Name="ExtModeWriteAllDataToWs">off</P>
      <P Name="ExtModeArmWhenConnect">on</P>
      <P Name="ExtModeSkipDownloadWhenConnect">off</P>
      <P Name="ExtModeLogAll">on</P>
      <P Name="ExtModeAutoUpdateStatusClock">on</P>
    </ExternalMode>
    <ModelReferenceSettings>
      <P Name="ShowModelReferenceBlockVersion">off</P>
      <P Name="ShowModelReferenceBlockIO">off</P>
    </ModelReferenceSettings>
    <ConcurrentExecutionSettings>
      <Object PropName="DataTransfer" ObjectID="7" ClassName="Simulink.GlobalDataTransfer">
        <P Name="DefaultTransitionBetweenSyncTasks" Class="char">Ensure deterministic transfer (maximum delay)</P>
        <P Name="DefaultTransitionBetweenAsyncTasks" Class="char">Ensure data integrity only</P>
        <P Name="DefaultTransitionBetweenContTasks" Class="char">Ensure deterministic transfer (minimum delay)</P>
        <P Name="DefaultExtrapolationMethodBetweenContTasks" Class="char">None</P>
        <P Name="AutoInsertRateTranBlk" Class="logical">0</P>
      </Object>
      <P Name="ExplicitPartitioning">off</P>
    </ConcurrentExecutionSettings>
    <SystemDefaults>
      <P Name="PaperOrientation">landscape</P>
      <P Name="PaperPositionMode">auto</P>
      <P Name="PaperType">usletter</P>
      <P Name="PaperUnits">inches</P>
      <P Name="TiledPaperMargins">[0.500000, 0.500000, 0.500000, 0.500000]</P>
      <P Name="TiledPageScale">1</P>
      <P Name="ShowPageBoundaries">off</P>
      <P Name="ModelBrowserVisibility">off</P>
      <P Name="ModelBrowserWidth">200</P>
      <P Name="ScreenColor">white</P>
    </SystemDefaults>
    <BlockDefaults>
      <P Name="ForegroundColor">black</P>
      <P Name="BackgroundColor">white</P>
      <P Name="DropShadow">off</P>
      <P Name="NamePlacement">normal</P>
      <P Name="FontName">Helvetica</P>
      <P Name="FontSize">10</P>
      <P Name="FontWeight">normal</P>
      <P Name="FontAngle">normal</P>
      <P Name="ShowName">on</P>
      <P Name="BlockRotation">0</P>
      <P Name="BlockMirror">off</P>
    </BlockDefaults>
    <AnnotationDefaults>
      <P Name="HorizontalAlignment">center</P>
      <P Name="VerticalAlignment">middle</P>
      <P Name="ForegroundColor">black</P>
      <P Name="BackgroundColor">white</P>
      <P Name="DropShadow">off</P>
      <P Name="FontName">Helvetica</P>
      <P Name="FontSize">10</P>
      <P Name="FontWeight">normal</P>
      <P Name="FontAngle">normal</P>
      <P Name="UseDisplayTextAsClickCallback">off</P>
    </AnnotationDefaults>
    <LineDefaults>
      <P Name="FontName">Helvetica</P>
      <P Name="FontSize">9</P>
      <P Name="FontWeight">normal</P>
      <P Name="FontAngle">normal</P>
    </LineDefaults>
    <MaskDefaults>
      <P Name="SelfModifiable">off</P>
      <P Name="IconFrame">on</P>
      <P Name="IconOpaque">on</P>
      <P Name="RunInitForIconRedraw">off</P>
      <P Name="IconRotate">none</P>
      <P Name="PortRotate">default</P>
      <P Name="IconUnits">autoscale</P>
    </MaskDefaults>
    <MaskParameterDefaults>
      <P Name="Evaluate">on</P>
      <P Name="Tunable">on</P>
      <P Name="NeverSave">off</P>
      <P Name="Internal">off</P>
      <P Name="ReadOnly">off</P>
      <P Name="Enabled">on</P>
      <P Name="Visible">on</P>
      <P Name="ToolTip">on</P>
    </MaskParameterDefaults>
    <BlockParameterDefaults>
      <Block BlockType="Constant">
        <P Name="Value">1</P>
        <P Name="VectorParams1D">on</P>
        <P Name="SamplingMode">Sample based</P>
        <P Name="OutMin">[]</P>
        <P Name="OutMax">[]</P>
        <P Name="OutDataTypeStr">Inherit: Inherit from &apos;Constant value&apos;</P>
        <P Name="LockScale">off</P>
        <P Name="SampleTime">inf</P>
        <P Name="FramePeriod">inf</P>
        <P Name="PreserveConstantTs">off</P>
      </Block>
      <Block BlockType="Delay">
        <P Name="DelayLengthSource">Dialog</P>
        <P Name="DelayLength">2</P>
        <P Name="DelayLengthUpperLimit">100</P>
        <P Name="InitialConditionSource">Dialog</P>
        <P Name="InitialCondition">0.0</P>
        <P Name="ExternalReset">None</P>
        <P Name="ShowEnablePort">off</P>
        <P Name="PreventDirectFeedthrough">off</P>
        <P Name="DiagnosticForOutOfRangeDelayLength">None</P>
        <P Name="RemoveProtectionDelayLength">off</P>
        <P Name="InputProcessing">Elements as channels (sample based)</P>
        <P Name="UseCircularBuffer">off</P>
        <P Name="SampleTime">-1</P>
        <P Name="StateMustResolveToSignalObject">off</P>
        <P Name="CodeGenStateStorageClass">Auto</P>
      </Block>
      <Block BlockType="Demux">
        <P Name="Outputs">4</P>
        <P Name="DisplayOption">none</P>
        <P Name="BusSelectionMode">off</P>
      </Block>
      <Block BlockType="Inport">
        <P Name="Port">1</P>
        <P Name="OutputFunctionCall">off</P>
        <P Name="OutMin">[]</P>
        <P Name="OutMax">[]</P>
        <P Name="OutDataTypeStr">Inherit: auto</P>
        <P Name="LockScale">off</P>
        <P Name="BusOutputAsStruct">off</P>
        <P Name="PortDimensions">-1</P>
        <P Name="VarSizeSig">Inherit</P>
        <P Name="SampleTime">-1</P>
        <P Name="SignalType">auto</P>
        <P Name="SamplingMode">auto</P>
        <P Name="LatchByDelayingOutsideSignal">off</P>
        <P Name="LatchInputForFeedbackSignals">off</P>
        <P Name="Interpolate">on</P>
      </Block>
      <Block BlockType="Mux">
        <P Name="Inputs">4</P>
        <P Name="DisplayOption">none</P>
        <P Name="UseBusObject">off</P>
        <P Name="BusObject">BusObject</P>
        <P Name="NonVirtualBus">off</P>
      </Block>
      <Block BlockType="Outport">
        <P Name="Port">1</P>
        <P Name="OutMin">[]</P>
        <P Name="OutMax">[]</P>
        <P Name="OutDataTypeStr">Inherit: auto</P>
        <P Name="LockScale">off</P>
        <P Name="BusOutputAsStruct">off</P>
        <P Name="PortDimensions">-1</P>
        <P Name="VarSizeSig">Inherit</P>
        <P Name="SampleTime">-1</P>
        <P Name="SignalType">auto</P>
        <P Name="SamplingMode">auto</P>
        <P Name="SourceOfInitialOutputValue">Dialog</P>
        <P Name="OutputWhenDisabled">held</P>
        <P Name="InitialOutput">[]</P>
      </Block>
      <Block BlockType="S-Function">
        <P Name="FunctionName">system</P>
        <P Name="SFunctionModules">&apos;&apos;</P>
        <P Name="PortCounts">[]</P>
        <P Name="SFunctionDeploymentMode">off</P>
        <P Name="EnableBusSupport">off</P>
      </Block>
      <Block BlockType="Scope">
        <P Name="ModelBased">off</P>
        <P Name="TickLabels">OneTimeTick</P>
        <P Name="ZoomMode">on</P>
        <P Name="Grid">on</P>
        <P Name="ShowLegends">off</P>
        <P Name="TimeRange">auto</P>
        <P Name="YMin">-5</P>
        <P Name="YMax">5</P>
        <P Name="SaveToWorkspace">off</P>
        <P Name="SaveName">ScopeData</P>
        <P Name="DataFormat">Array</P>
        <P Name="LimitDataPoints">on</P>
        <P Name="MaxDataPoints">5000</P>
        <P Name="Decimation">1</P>
        <P Name="SampleInput">off</P>
        <P Name="SampleTime">-1</P>
        <P Name="ScrollMode">off</P>
      </Block>
      <Block BlockType="Selector">
        <P Name="NumberOfDimensions">1</P>
        <P Name="IndexMode">One-based</P>
        <P Name="InputPortWidth">-1</P>
        <P Name="SampleTime">-1</P>
        <P Name="IndexOptions">Index vector (dialog)</P>
        <P Name="Indices">1</P>
        <P Name="OutputSizes">1</P>
      </Block>
      <Block BlockType="Step">
        <P Name="Time">1</P>
        <P Name="Before">0</P>
        <P Name="After">1</P>
        <P Name="SampleTime">-1</P>
        <P Name="VectorParams1D">on</P>
        <P Name="ZeroCross">on</P>
      </Block>
      <Block BlockType="SubSystem">
        <P Name="ShowPortLabels">FromPortIcon</P>
        <P Name="Permissions">ReadWrite</P>
        <P Name="PermitHierarchicalResolution">All</P>
        <P Name="TreatAsAtomicUnit">off</P>
        <P Name="MinAlgLoopOccurrences">off</P>
        <P Name="PropExecContextOutsideSubsystem">off</P>
        <P Name="CheckFcnCallInpInsideContextMsg">off</P>
        <P Name="SystemSampleTime">-1</P>
        <P Name="RTWSystemCode">Auto</P>
        <P Name="RTWFcnNameOpts">Auto</P>
        <P Name="RTWFileNameOpts">Auto</P>
        <P Name="FunctionInterfaceSpec">void_void</P>
        <P Name="FunctionWithSeparateData">off</P>
        <P Name="RTWMemSecFuncInitTerm">Inherit from model</P>
        <P Name="RTWMemSecFuncExecute">Inherit from model</P>
        <P Name="RTWMemSecDataConstants">Inherit from model</P>
        <P Name="RTWMemSecDataInternal">Inherit from model</P>
        <P Name="RTWMemSecDataParameters">Inherit from model</P>
        <P Name="SimViewingDevice">off</P>
        <P Name="DataTypeOverride">UseLocalSettings</P>
        <P Name="DataTypeOverrideAppliesTo">AllNumericTypes</P>
        <P Name="MinMaxOverflowLogging">UseLocalSettings</P>
        <P Name="Opaque">off</P>
        <P Name="MaskHideContents">off</P>
        <P Name="SFBlockType">NONE</P>
        <P Name="Variant">off</P>
        <P Name="GeneratePreprocessorConditionals">off</P>
        <P Name="ContentPreviewEnabled">off</P>
        <P Name="IsWebBlock">off</P>
      </Block>
      <Block BlockType="Sum">
        <P Name="IconShape">rectangular</P>
        <P Name="Inputs">++</P>
        <P Name="CollapseMode">All dimensions</P>
        <P Name="CollapseDim">1</P>
        <P Name="InputSameDT">on</P>
        <P Name="AccumDataTypeStr">Inherit: Inherit via internal rule</P>
        <P Name="OutMin">[]</P>
        <P Name="OutMax">[]</P>
        <P Name="OutDataTypeStr">Inherit: Same as first input</P>
        <P Name="LockScale">off</P>
        <P Name="RndMeth">Floor</P>
        <P Name="SaturateOnIntegerOverflow">on</P>
        <P Name="SampleTime">-1</P>
      </Block>
      <Block BlockType="Terminator">
      </Block>
    </BlockParameterDefaults>
    <System>
      <P Name="Location">[-9, -9, 1929, 1039]</P>
      <P Name="Open">on</P>
      <P Name="TiledPaperMargins">[0.500000, 0.500000, 0.500000, 0.500000]</P>
      <P Name="ZoomFactor">100</P>
      <P Name="ReportName">simulink-default.rpt</P>
      <P Name="SIDHighWatermark">73</P>
      <Block BlockType="Demux" Name="Demux" SID="73">
        <P Name="Ports">[1, 12]</P>
        <P Name="Position">[1355, 135, 1375, 710]</P>
        <P Name="ZOrder">271</P>
        <P Name="ShowName">off</P>
        <P Name="Outputs">12</P>
        <P Name="DisplayOption">bar</P>
      </Block>
      <Block BlockType="Mux" Name="Mux2" SID="42">
        <P Name="Ports">[12, 1]</P>
        <P Name="Position">[185, 19, 195, 601]</P>
        <P Name="ZOrder">255</P>
        <P Name="ForegroundColor">red</P>
        <P Name="ShowName">off</P>
        <P Name="Inputs">12</P>
        <P Name="DisplayOption">bar</P>
      </Block>
      <Block BlockType="SubSystem" Name="PID Control" SID="6">
        <P Name="Ports">[2, 1]</P>
        <P Name="Position">[565, 287, 740, 418]</P>
        <P Name="ZOrder">237</P>
        <P Name="ForegroundColor">blue</P>
        <P Name="BackgroundColor">blue</P>
        <P Name="RequestExecContextInheritance">off</P>
        <System>
          <P Name="Location">[-9, -9, 1929, 1039]</P>
          <P Name="Open">off</P>
          <P Name="TiledPaperMargins">[0.500000, 0.500000, 0.500000, 0.500000]</P>
          <P Name="ZoomFactor">125</P>
          <Block BlockType="Inport" Name="States" SID="7">
            <P Name="Position">[1210, 118, 1240, 132]</P>
            <P Name="ZOrder">239</P>
            <P Name="IconDisplay">Port number</P>
          </Block>
          <Block BlockType="Inport" Name="Setpoints" SID="8">
            <P Name="Position">[20, 123, 50, 137]</P>
            <P Name="ZOrder">240</P>
            <P Name="Port">2</P>
            <P Name="IconDisplay">Port number</P>
          </Block>
          <Block BlockType="Delay" Name="Delay1" SID="66">
            <P Name="Ports">[1, 1]</P>
            <P Name="Position">[930, 143, 965, 177]</P>
            <P Name="ZOrder">258</P>
            <P Name="BlockMirror">on</P>
            <P Name="NamePlacement">alternate</P>
            <P Name="InputPortMap">u0</P>
            <P Name="DelayLength">1</P>
            <P Name="SampleTime">1e-4</P>
          </Block>
          <Block BlockType="Delay" Name="Delay2" SID="68">
            <P Name="Ports">[1, 1]</P>
            <P Name="Position">[975, 303, 1010, 337]</P>
            <P Name="ZOrder">260</P>
            <P Name="BlockMirror">on</P>
            <P Name="NamePlacement">alternate</P>
            <P Name="InputPortMap">u0</P>
            <P Name="DelayLength">1</P>
            <P Name="SampleTime">1e-4</P>
          </Block>
          <Block BlockType="Demux" Name="Demux" SID="9">
            <P Name="Ports">[1, 4]</P>
            <P Name="Position">[205, 71, 210, 189]</P>
            <P Name="ZOrder">247</P>
            <P Name="ShowName">off</P>
            <P Name="DisplayOption">bar</P>
            <Port>
              <P Name="PortNumber">3</P>
              <P Name="Name">Desired Altitude</P>
              <P Name="RTWStorageClass">Auto</P>
              <P Name="DataLoggingNameMode">SignalName</P>
            </Port>
            <Port>
              <P Name="PortNumber">4</P>
              <P Name="Name">Desired Yaw</P>
              <P Name="RTWStorageClass">Auto</P>
              <P Name="DataLoggingNameMode">SignalName</P>
            </Port>
          </Block>
          <Block BlockType="SubSystem" Name="ILC Controller (phi)" SID="67">
            <P Name="Ports">[2, 1]</P>
            <P Name="Position">[910, 59, 980, 106]</P>
            <P Name="ZOrder">257</P>
            <P Name="LibraryVersion">1.32</P>
            <P Name="ErrorFcn">Stateflow.Translate.translate</P>
            <P Name="PermitHierarchicalResolution">ExplicitOnly</P>
            <P Name="TreatAsAtomicUnit">on</P>
            <P Name="SystemSampleTime">1e-4</P>
            <P Name="RequestExecContextInheritance">off</P>
            <P Name="SFBlockType">MATLAB Function</P>
            <Port>
              <P Name="PortNumber">1</P>
              <P Name="Name">Desired Pitch</P>
              <P Name="PropagatedSignals">y</P>
              <P Name="RTWStorageClass">Auto</P>
              <P Name="DataLoggingNameMode">SignalName</P>
            </Port>
            <System>
              <P Name="Location">[223, 338, 826, 833]</P>
              <P Name="Open">off</P>
              <P Name="TiledPaperMargins">[0.500000, 0.500000, 0.500000, 0.500000]</P>
              <P Name="ZoomFactor">100</P>
              <P Name="SIDHighWatermark">19</P>
              <Block BlockType="Inport" Name="e" SID="67::1">
                <P Name="Position">[20, 101, 40, 119]</P>
                <P Name="ZOrder">-1</P>
                <P Name="IconDisplay">Port number</P>
              </Block>
              <Block BlockType="Inport" Name="yk_1" SID="67::19">
                <P Name="Position">[20, 136, 40, 154]</P>
                <P Name="ZOrder">10</P>
                <P Name="Port">2</P>
                <P Name="IconDisplay">Port number</P>
              </Block>
              <Block BlockType="Demux" Name=" Demux " SID="67::17">
                <P Name="Ports">[1, 1]</P>
                <P Name="Position">[270, 230, 320, 270]</P>
                <P Name="ZOrder">8</P>
                <P Name="Outputs">1</P>
              </Block>
              <Block BlockType="S-Function" Name=" SFunction " SID="67::16">
                <P Name="Tag">Stateflow S-Function hack2 3</P>
                <P Name="Ports">[2, 2]</P>
                <P Name="Position">[180, 100, 230, 160]</P>
                <P Name="ZOrder">7</P>
                <P Name="FunctionName">sf_sfun</P>
                <P Name="PortCounts">[2 2]</P>
                <P Name="EnableBusSupport">on</P>
                <Port>
                  <P Name="PortNumber">2</P>
                  <P Name="Name">y</P>
                  <P Name="RTWStorageClass">Auto</P>
                  <P Name="DataLoggingNameMode">SignalName</P>
                </Port>
              </Block>
              <Block BlockType="Terminator" Name=" Terminator " SID="67::18">
                <P Name="Position">[460, 241, 480, 259]</P>
                <P Name="ZOrder">9</P>
              </Block>
              <Block BlockType="Outport" Name="y" SID="67::5">
                <P Name="Position">[460, 101, 480, 119]</P>
                <P Name="ZOrder">-5</P>
                <P Name="IconDisplay">Port number</P>
              </Block>
              <Line>
                <P Name="ZOrder">1</P>
                <P Name="Src">67::1#out:1</P>
                <P Name="Dst">67::16#in:1</P>
              </Line>
              <Line>
                <P Name="ZOrder">2</P>
                <P Name="Src">67::19#out:1</P>
                <P Name="Dst">67::16#in:2</P>
              </Line>
              <Line>
                <P Name="Name">y</P>
                <P Name="ZOrder">3</P>
                <P Name="Labels">[0, 0]</P>
                <P Name="Src">67::16#out:2</P>
                <P Name="Dst">67::5#in:1</P>
              </Line>
              <Line>
                <P Name="ZOrder">4</P>
                <P Name="Src">67::17#out:1</P>
                <P Name="Dst">67::18#in:1</P>
              </Line>
              <Line>
                <P Name="ZOrder">5</P>
                <P Name="Src">67::16#out:1</P>
                <P Name="Dst">67::17#in:1</P>
              </Line>
            </System>
          </Block>
          <Block BlockType="SubSystem" Name="ILC Controller (phi)1" SID="69">
            <P Name="Ports">[2, 1]</P>
            <P Name="Position">[960, 229, 1030, 276]</P>
            <P Name="ZOrder">259</P>
            <P Name="LibraryVersion">1.32</P>
            <P Name="ErrorFcn">Stateflow.Translate.translate</P>
            <P Name="PermitHierarchicalResolution">ExplicitOnly</P>
            <P Name="TreatAsAtomicUnit">on</P>
            <P Name="SystemSampleTime">1e-4</P>
            <P Name="RequestExecContextInheritance">off</P>
            <P Name="SFBlockType">MATLAB Function</P>
            <Port>
              <P Name="PortNumber">1</P>
              <P Name="Name">Desired Roll</P>
              <P Name="PropagatedSignals">y</P>
              <P Name="RTWStorageClass">Auto</P>
              <P Name="DataLoggingNameMode">SignalName</P>
            </Port>
            <System>
              <P Name="Location">[223, 338, 826, 833]</P>
              <P Name="Open">off</P>
              <P Name="TiledPaperMargins">[0.500000, 0.500000, 0.500000, 0.500000]</P>
              <P Name="ZoomFactor">100</P>
              <P Name="SIDHighWatermark">19</P>
              <Block BlockType="Inport" Name="e" SID="69::1">
                <P Name="Position">[20, 101, 40, 119]</P>
                <P Name="ZOrder">-1</P>
                <P Name="IconDisplay">Port number</P>
              </Block>
              <Block BlockType="Inport" Name="yk_1" SID="69::19">
                <P Name="Position">[20, 136, 40, 154]</P>
                <P Name="ZOrder">10</P>
                <P Name="Port">2</P>
                <P Name="IconDisplay">Port number</P>
              </Block>
              <Block BlockType="Demux" Name=" Demux " SID="69::17">
                <P Name="Ports">[1, 1]</P>
                <P Name="Position">[270, 230, 320, 270]</P>
                <P Name="ZOrder">8</P>
                <P Name="Outputs">1</P>
              </Block>
              <Block BlockType="S-Function" Name=" SFunction " SID="69::16">
                <P Name="Tag">Stateflow S-Function hack2 4</P>
                <P Name="Ports">[2, 2]</P>
                <P Name="Position">[180, 100, 230, 160]</P>
                <P Name="ZOrder">7</P>
                <P Name="FunctionName">sf_sfun</P>
                <P Name="PortCounts">[2 2]</P>
                <P Name="EnableBusSupport">on</P>
                <Port>
                  <P Name="PortNumber">2</P>
                  <P Name="Name">y</P>
                  <P Name="RTWStorageClass">Auto</P>
                  <P Name="DataLoggingNameMode">SignalName</P>
                </Port>
              </Block>
              <Block BlockType="Terminator" Name=" Terminator " SID="69::18">
                <P Name="Position">[460, 241, 480, 259]</P>
                <P Name="ZOrder">9</P>
              </Block>
              <Block BlockType="Outport" Name="y" SID="69::5">
                <P Name="Position">[460, 101, 480, 119]</P>
                <P Name="ZOrder">-5</P>
                <P Name="IconDisplay">Port number</P>
              </Block>
              <Line>
                <P Name="ZOrder">1</P>
                <P Name="Src">69::1#out:1</P>
                <P Name="Dst">69::16#in:1</P>
              </Line>
              <Line>
                <P Name="ZOrder">2</P>
                <P Name="Src">69::19#out:1</P>
                <P Name="Dst">69::16#in:2</P>
              </Line>
              <Line>
                <P Name="Name">y</P>
                <P Name="ZOrder">3</P>
                <P Name="Labels">[0, 0]</P>
                <P Name="Src">69::16#out:2</P>
                <P Name="Dst">69::5#in:1</P>
              </Line>
              <Line>
                <P Name="ZOrder">4</P>
                <P Name="Src">69::17#out:1</P>
                <P Name="Dst">69::18#in:1</P>
              </Line>
              <Line>
                <P Name="ZOrder">5</P>
                <P Name="Src">69::16#out:1</P>
                <P Name="Dst">69::17#in:1</P>
              </Line>
            </System>
          </Block>
          <Block BlockType="SubSystem" Name="MATLAB Function" SID="10">
            <P Name="Ports">[3, 2]</P>
            <P Name="Position">[365, 60, 625, 190]</P>
            <P Name="ZOrder">81</P>
            <P Name="LibraryVersion">1.32</P>
            <P Name="ErrorFcn">Stateflow.Translate.translate</P>
            <P Name="PermitHierarchicalResolution">ExplicitOnly</P>
            <P Name="TreatAsAtomicUnit">on</P>
            <P Name="RequestExecContextInheritance">off</P>
            <P Name="SFBlockType">MATLAB Function</P>
            <System>
              <P Name="Location">[223, 338, 826, 833]</P>
              <P Name="Open">off</P>
              <P Name="TiledPaperMargins">[0.500000, 0.500000, 0.500000, 0.500000]</P>
              <P Name="ZoomFactor">100</P>
              <P Name="SIDHighWatermark">21</P>
              <Block BlockType="Inport" Name="xcmd" SID="10::1">
                <P Name="Position">[20, 101, 40, 119]</P>
                <P Name="ZOrder">-1</P>
                <P Name="IconDisplay">Port number</P>
              </Block>
              <Block BlockType="Inport" Name="ycmd" SID="10::19">
                <P Name="Position">[20, 136, 40, 154]</P>
                <P Name="ZOrder">10</P>
                <P Name="Port">2</P>
                <P Name="IconDisplay">Port number</P>
              </Block>
              <Block BlockType="Inport" Name="states" SID="10::20">
                <P Name="Position">[20, 171, 40, 189]</P>
                <P Name="ZOrder">11</P>
                <P Name="Port">3</P>
                <P Name="IconDisplay">Port number</P>
              </Block>
              <Block BlockType="Demux" Name=" Demux " SID="10::17">
                <P Name="Ports">[1, 1]</P>
                <P Name="Position">[270, 230, 320, 270]</P>
                <P Name="ZOrder">8</P>
                <P Name="Outputs">1</P>
              </Block>
              <Block BlockType="S-Function" Name=" SFunction " SID="10::16">
                <P Name="Tag">Stateflow S-Function hack2 2</P>
                <P Name="Ports">[3, 3]</P>
                <P Name="Position">[180, 100, 230, 180]</P>
                <P Name="ZOrder">7</P>
                <P Name="FunctionName">sf_sfun</P>
                <P Name="PortCounts">[3 3]</P>
                <P Name="EnableBusSupport">on</P>
                <Port>
                  <P Name="PortNumber">2</P>
                  <P Name="Name">desiredU</P>
                  <P Name="RTWStorageClass">Auto</P>
                  <P Name="DataLoggingNameMode">SignalName</P>
                </Port>
                <Port>
                  <P Name="PortNumber">3</P>
                  <P Name="Name">desiredV</P>
                  <P Name="RTWStorageClass">Auto</P>
                  <P Name="DataLoggingNameMode">SignalName</P>
                </Port>
              </Block>
              <Block BlockType="Terminator" Name=" Terminator " SID="10::18">
                <P Name="Position">[460, 241, 480, 259]</P>
                <P Name="ZOrder">9</P>
              </Block>
              <Block BlockType="Outport" Name="desiredU" SID="10::5">
                <P Name="Position">[460, 101, 480, 119]</P>
                <P Name="ZOrder">-5</P>
                <P Name="IconDisplay">Port number</P>
              </Block>
              <Block BlockType="Outport" Name="desiredV" SID="10::21">
                <P Name="Position">[460, 136, 480, 154]</P>
                <P Name="ZOrder">12</P>
                <P Name="Port">2</P>
                <P Name="IconDisplay">Port number</P>
              </Block>
              <Line>
                <P Name="ZOrder">1</P>
                <P Name="Src">10::1#out:1</P>
                <P Name="Dst">10::16#in:1</P>
              </Line>
              <Line>
                <P Name="ZOrder">2</P>
                <P Name="Src">10::19#out:1</P>
                <P Name="Dst">10::16#in:2</P>
              </Line>
              <Line>
                <P Name="ZOrder">3</P>
                <P Name="Src">10::20#out:1</P>
                <P Name="Dst">10::16#in:3</P>
              </Line>
              <Line>
                <P Name="Name">desiredU</P>
                <P Name="ZOrder">4</P>
                <P Name="Labels">[0, 0]</P>
                <P Name="Src">10::16#out:2</P>
                <P Name="Dst">10::5#in:1</P>
              </Line>
              <Line>
                <P Name="Name">desiredV</P>
                <P Name="ZOrder">5</P>
                <P Name="Labels">[0, 0]</P>
                <P Name="Src">10::16#out:3</P>
                <P Name="Dst">10::21#in:1</P>
              </Line>
              <Line>
                <P Name="ZOrder">6</P>
                <P Name="Src">10::17#out:1</P>
                <P Name="Dst">10::18#in:1</P>
              </Line>
              <Line>
                <P Name="ZOrder">7</P>
                <P Name="Src">10::16#out:1</P>
                <P Name="Dst">10::17#in:1</P>
              </Line>
            </System>
          </Block>
          <Block BlockType="SubSystem" Name="MATLAB Function1" SID="11">
            <P Name="Ports">[2, 1]</P>
            <P Name="Position">[1285, 112, 1380, 168]</P>
            <P Name="ZOrder">232</P>
            <P Name="ForegroundColor">blue</P>
            <P Name="LibraryVersion">1.32</P>
            <P Name="ErrorFcn">Stateflow.Translate.translate</P>
            <P Name="PermitHierarchicalResolution">ExplicitOnly</P>
            <P Name="TreatAsAtomicUnit">on</P>
            <P Name="RequestExecContextInheritance">off</P>
            <P Name="SFBlockType">MATLAB Function</P>
            <System>
              <P Name="Location">[227, 345, 838, 789]</P>
              <P Name="Open">off</P>
              <P Name="TiledPaperMargins">[0.500000, 0.500000, 0.500000, 0.500000]</P>
              <P Name="ZoomFactor">100</P>
              <P Name="SIDHighWatermark">35</P>
              <Block BlockType="Inport" Name="states" SID="11::1">
                <P Name="Position">[20, 101, 40, 119]</P>
                <P Name="ZOrder">-1</P>
                <P Name="IconDisplay">Port number</P>
              </Block>
              <Block BlockType="Inport" Name="task" SID="11::32">
                <P Name="Position">[20, 136, 40, 154]</P>
                <P Name="ZOrder">13</P>
                <P Name="Port">2</P>
                <P Name="IconDisplay">Port number</P>
              </Block>
              <Block BlockType="Demux" Name=" Demux " SID="11::34">
                <P Name="Ports">[1, 1]</P>
                <P Name="Position">[270, 230, 320, 270]</P>
                <P Name="ZOrder">15</P>
                <P Name="Outputs">1</P>
              </Block>
              <Block BlockType="S-Function" Name=" SFunction " SID="11::33">
                <P Name="Tag">Stateflow S-Function hack2 1</P>
                <P Name="Ports">[2, 2]</P>
                <P Name="Position">[180, 100, 230, 160]</P>
                <P Name="ZOrder">14</P>
                <P Name="FunctionName">sf_sfun</P>
                <P Name="Parameters">Ix,Iy,Iz,g,m</P>
                <P Name="PortCounts">[2 2]</P>
                <P Name="EnableBusSupport">on</P>
                <Port>
                  <P Name="PortNumber">2</P>
                  <P Name="Name">out</P>
                  <P Name="RTWStorageClass">Auto</P>
                  <P Name="DataLoggingNameMode">SignalName</P>
                </Port>
              </Block>
              <Block BlockType="Terminator" Name=" Terminator " SID="11::35">
                <P Name="Position">[460, 241, 480, 259]</P>
                <P Name="ZOrder">16</P>
              </Block>
              <Block BlockType="Outport" Name="out" SID="11::5">
                <P Name="Position">[460, 101, 480, 119]</P>
                <P Name="ZOrder">-5</P>
                <P Name="IconDisplay">Port number</P>
              </Block>
              <Line>
                <P Name="ZOrder">1</P>
                <P Name="Src">11::1#out:1</P>
                <P Name="Points">[120, 0]</P>
                <P Name="Dst">11::33#in:1</P>
              </Line>
              <Line>
                <P Name="ZOrder">2</P>
                <P Name="Src">11::32#out:1</P>
                <P Name="Dst">11::33#in:2</P>
              </Line>
              <Line>
                <P Name="Name">out</P>
                <P Name="ZOrder">3</P>
                <P Name="Labels">[0, 0]</P>
                <P Name="Src">11::33#out:2</P>
                <P Name="Dst">11::5#in:1</P>
              </Line>
              <Line>
                <P Name="ZOrder">4</P>
                <P Name="Src">11::34#out:1</P>
                <P Name="Dst">11::35#in:1</P>
              </Line>
              <Line>
                <P Name="ZOrder">5</P>
                <P Name="Src">11::33#out:1</P>
                <P Name="Dst">11::34#in:1</P>
              </Line>
            </System>
          </Block>
          <Block BlockType="Mux" Name="Mux2" SID="12">
            <P Name="Ports">[4, 1]</P>
            <P Name="Position">[1180, 50, 1185, 195]</P>
            <P Name="ZOrder">231</P>
            <P Name="ShowName">off</P>
            <P Name="DisplayOption">bar</P>
          </Block>
          <Block BlockType="Selector" Name="Selector" SID="25">
            <P Name="Ports">[1, 1]</P>
            <P Name="Position">[733, 305, 767, 355]</P>
            <P Name="ZOrder">233</P>
            <P Name="BlockRotation">270</P>
            <P Name="NamePlacement">alternate</P>
            <P Name="InputPortWidth">12</P>
            <P Name="Indices">[2]</P>
          </Block>
          <Block BlockType="Selector" Name="Selector1" SID="26">
            <P Name="Ports">[1, 1]</P>
            <P Name="Position">[683, 200, 717, 250]</P>
            <P Name="ZOrder">234</P>
            <P Name="BlockRotation">270</P>
            <P Name="NamePlacement">alternate</P>
            <P Name="InputPortWidth">12</P>
            <P Name="Indices">[1]</P>
          </Block>
          <Block BlockType="Selector" Name="Selector2" SID="27">
            <P Name="Ports">[1, 1]</P>
            <P Name="Position">[110, 113, 160, 147]</P>
            <P Name="ZOrder">235</P>
            <P Name="NamePlacement">alternate</P>
            <P Name="InputPortWidth">12</P>
            <P Name="Indices">[10 11 12 9]</P>
          </Block>
          <Block BlockType="Sum" Name="Sum" SID="63">
            <P Name="Ports">[2, 1]</P>
            <P Name="Position">[845, 60, 865, 80]</P>
            <P Name="ZOrder">252</P>
            <P Name="ShowName">off</P>
            <P Name="IconShape">round</P>
            <P Name="Inputs">|+-</P>
            <P Name="InputSameDT">off</P>
            <P Name="OutDataTypeStr">Inherit: Inherit via internal rule</P>
            <P Name="SaturateOnIntegerOverflow">off</P>
          </Block>
          <Block BlockType="Sum" Name="Sum1" SID="64">
            <P Name="Ports">[2, 1]</P>
            <P Name="Position">[845, 185, 865, 205]</P>
            <P Name="ZOrder">253</P>
            <P Name="ShowName">off</P>
            <P Name="IconShape">round</P>
            <P Name="Inputs">|+-</P>
            <P Name="InputSameDT">off</P>
            <P Name="OutDataTypeStr">Inherit: Inherit via internal rule</P>
            <P Name="SaturateOnIntegerOverflow">off</P>
          </Block>
          <Block BlockType="Outport" Name="Control Output" SID="38">
            <P Name="Position">[1415, 133, 1445, 147]</P>
            <P Name="ZOrder">246</P>
            <P Name="IconDisplay">Port number</P>
          </Block>
          <Line>
            <P Name="ZOrder">27</P>
            <P Name="Src">25#out:1</P>
            <P Name="Points">[0, -80]</P>
            <P Name="Dst">64#in:2</P>
          </Line>
          <Line>
            <P Name="Name">Desired Roll</P>
            <P Name="ZOrder">62</P>
            <P Name="Src">69#out:1</P>
            <P Name="Points">[11, 0]</P>
            <Branch>
              <P Name="ZOrder">67</P>
              <P Name="Points">[0, 65]</P>
              <P Name="Dst">68#in:1</P>
            </Branch>
            <Branch>
              <P Name="ZOrder">66</P>
              <P Name="Labels">[-1, 0]</P>
              <P Name="Points">[0, -150]</P>
              <P Name="Dst">12#in:2</P>
            </Branch>
          </Line>
          <Line>
            <P Name="ZOrder">26</P>
            <P Name="Src">10#out:2</P>
            <P Name="Points">[58, 0; 0, 35]</P>
            <P Name="Dst">64#in:1</P>
          </Line>
          <Line>
            <P Name="ZOrder">24</P>
            <P Name="Src">26#out:1</P>
            <P Name="Points">[0, -74; 155, 0]</P>
            <P Name="Dst">63#in:2</P>
          </Line>
          <Line>
            <P Name="ZOrder">5</P>
            <P Name="Src">12#out:1</P>
            <P Name="Points">[8, 0; 0, 30]</P>
            <P Name="Dst">11#in:2</P>
          </Line>
          <Line>
            <P Name="ZOrder">23</P>
            <P Name="Src">10#out:1</P>
            <P Name="Points">[58, 0; 0, -25]</P>
            <P Name="Dst">63#in:1</P>
          </Line>
          <Line>
            <P Name="Name">Desired Altitude</P>
            <P Name="ZOrder">7</P>
            <P Name="Labels">[4, 1]</P>
            <P Name="Src">9#out:3</P>
            <P Name="Points">[34, 0; 0, -135; 884, 0; 0, 60]</P>
            <P Name="Dst">12#in:1</P>
          </Line>
          <Line>
            <P Name="ZOrder">8</P>
            <P Name="Src">27#out:1</P>
            <P Name="Dst">9#in:1</P>
          </Line>
          <Line>
            <P Name="ZOrder">9</P>
            <P Name="Src">11#out:1</P>
            <P Name="Dst">38#in:1</P>
          </Line>
          <Line>
            <P Name="Name">Desired Yaw</P>
            <P Name="ZOrder">10</P>
            <P Name="Labels">[4, 1]</P>
            <P Name="Src">9#out:4</P>
            <P Name="Points">[73, 0; 0, 222; 869, 0; 0, -222]</P>
            <P Name="Dst">12#in:4</P>
          </Line>
          <Line>
            <P Name="ZOrder">11</P>
            <P Name="Src">7#out:1</P>
            <P Name="Points">[16, 0]</P>
            <Branch>
              <P Name="ZOrder">12</P>
              <P Name="Points">[0, 299; -511, 0]</P>
              <Branch>
                <P Name="ZOrder">13</P>
                <P Name="Dst">25#in:1</P>
              </Branch>
              <Branch>
                <P Name="ZOrder">14</P>
                <P Name="Points">[-60, 0]</P>
                <Branch>
                  <P Name="ZOrder">15</P>
                  <P Name="Points">[0, -136; 10, 0]</P>
                  <P Name="Dst">26#in:1</P>
                </Branch>
                <Branch>
                  <P Name="ZOrder">16</P>
                  <P Name="Points">[-416, 0; 0, -254]</P>
                  <P Name="Dst">10#in:3</P>
                </Branch>
              </Branch>
            </Branch>
            <Branch>
              <P Name="ZOrder">17</P>
              <P Name="Dst">11#in:1</P>
            </Branch>
          </Line>
          <Line>
            <P Name="ZOrder">18</P>
            <P Name="Src">9#out:1</P>
            <P Name="Points">[73, 0; 0, -5]</P>
            <P Name="Dst">10#in:1</P>
          </Line>
          <Line>
            <P Name="ZOrder">19</P>
            <P Name="Src">9#out:2</P>
            <P Name="Points">[73, 0; 0, 10]</P>
            <P Name="Dst">10#in:2</P>
          </Line>
          <Line>
            <P Name="Name">Desired Pitch</P>
            <P Name="ZOrder">53</P>
            <P Name="Src">67#out:1</P>
            <P Name="Points">[13, 0; 0, 55]</P>
            <Branch>
              <P Name="ZOrder">59</P>
              <P Name="Points">[-17, 0; 0, 20]</P>
              <P Name="Dst">66#in:1</P>
            </Branch>
            <Branch>
              <P Name="ZOrder">57</P>
              <P Name="Labels">[1, 0]</P>
              <P Name="Dst">12#in:3</P>
            </Branch>
          </Line>
          <Line>
            <P Name="ZOrder">21</P>
            <P Name="Src">8#out:1</P>
            <P Name="Dst">27#in:1</P>
          </Line>
          <Line>
            <P Name="ZOrder">56</P>
            <P Name="Src">63#out:1</P>
            <P Name="Dst">67#in:1</P>
          </Line>
          <Line>
            <P Name="ZOrder">54</P>
            <P Name="Src">66#out:1</P>
            <P Name="Points">[-63, 0; 0, -65]</P>
            <P Name="Dst">67#in:2</P>
          </Line>
          <Line>
            <P Name="ZOrder">63</P>
            <P Name="Src">68#out:1</P>
            <P Name="Points">[-26, 0; 0, -55]</P>
            <P Name="Dst">69#in:2</P>
          </Line>
          <Line>
            <P Name="ZOrder">65</P>
            <P Name="Src">64#out:1</P>
            <P Name="Points">[43, 0; 0, 45]</P>
            <P Name="Dst">69#in:1</P>
          </Line>
        </System>
      </Block>
      <Block BlockType="Scope" Name="Scope" SID="60">
        <P Name="Ports">[2]</P>
        <P Name="Position">[1535, 341, 1565, 374]</P>
        <P Name="ZOrder">267</P>
        <P Name="Floating">off</P>
        <P Name="Location">[10, 69, 1916, 1043]</P>
        <P Name="Open">on</P>
        <P Name="NumInputPorts">2</P>
        <List ListType="AxesTitles">
          <P Name="axes1">%&lt;SignalLabel&gt;</P>
          <P Name="axes2">%&lt;SignalLabel&gt;</P>
        </List>
        <List ListType="ScopeGraphics">
          <P Name="FigureColor">[0.5 0.5 0.5]</P>
          <P Name="AxesColor">[0 0 0]</P>
          <P Name="AxesTickColor">[1 1 1]</P>
          <P Name="LineColors">[1 1 0;1 0 1;0 1 1;1 0 0;0 1 0;0 0 1]</P>
          <P Name="LineStyles">-|-|-|-|-|-</P>
          <P Name="LineWidths">[0.5 0.5 0.5 0.5 0.5 0.5]</P>
          <P Name="MarkerStyles">none|none|none|none|none|none</P>
        </List>
        <P Name="YMin">-0.37~101.31</P>
        <P Name="YMax">-0.22~101.46</P>
        <P Name="LimitDataPoints">off</P>
      </Block>
      <Block BlockType="Step" Name="Step" SID="70">
        <P Name="Position">[20, 470, 50, 500]</P>
        <P Name="ZOrder">268</P>
        <P Name="Time">6</P>
        <P Name="After">10</P>
        <P Name="SampleTime">0</P>
      </Block>
      <Block BlockType="Step" Name="Step1" SID="71">
        <P Name="Position">[20, 570, 50, 600]</P>
        <P Name="ZOrder">269</P>
        <P Name="After">100</P>
        <P Name="SampleTime">0</P>
      </Block>
      <Block BlockType="SubSystem" Name="System Dynamics" SID="1">
        <P Name="Ports">[1, 1]</P>
        <P Name="Position">[895, 307, 1045, 403]</P>
        <P Name="ZOrder">79</P>
        <P Name="ForegroundColor">green</P>
        <P Name="BackgroundColor">green</P>
        <P Name="RequestExecContextInheritance">off</P>
        <System>
          <P Name="Location">[-9, -9, 1929, 1039]</P>
          <P Name="Open">off</P>
          <P Name="TiledPaperMargins">[0.500000, 0.500000, 0.500000, 0.500000]</P>
          <P Name="ZoomFactor">175</P>
          <Block BlockType="Inport" Name="Correction Input" SID="2">
            <P Name="Position">[10, 28, 40, 42]</P>
            <P Name="ZOrder">45</P>
            <P Name="IconDisplay">Port number</P>
          </Block>
          <Block BlockType="S-Function" Name="S-Function" SID="3">
            <P Name="Ports">[1, 1]</P>
            <P Name="Position">[70, 20, 180, 50]</P>
            <P Name="ZOrder">44</P>
            <P Name="FunctionName">continuous_func_V2</P>
            <P Name="Parameters">m,Ix,Iy,Iz</P>
          </Block>
          <Block BlockType="Outport" Name="System State" SID="4">
            <P Name="Position">[245, 28, 275, 42]</P>
            <P Name="ZOrder">46</P>
            <P Name="IconDisplay">Port number</P>
          </Block>
          <Line>
            <P Name="ZOrder">1</P>
            <P Name="Src">3#out:1</P>
            <P Name="Dst">4#in:1</P>
          </Line>
          <Line>
            <P Name="ZOrder">2</P>
            <P Name="Src">2#out:1</P>
            <P Name="Dst">3#in:1</P>
          </Line>
        </System>
      </Block>
      <Block BlockType="Constant" Name="U" SID="43">
        <P Name="Position">[70, 20, 100, 50]</P>
        <P Name="ZOrder">249</P>
        <P Name="ForegroundColor">red</P>
        <P Name="Value">0</P>
      </Block>
      <Block BlockType="Constant" Name="V" SID="44">
        <P Name="Position">[70, 70, 100, 100]</P>
        <P Name="ZOrder">248</P>
        <P Name="ForegroundColor">red</P>
        <P Name="Value">0</P>
      </Block>
      <Block BlockType="Constant" Name="p" SID="48">
        <P Name="Position">[70, 170, 100, 200]</P>
        <P Name="ZOrder">252</P>
        <P Name="ForegroundColor">red</P>
        <P Name="Value">0</P>
      </Block>
      <Block BlockType="Constant" Name="phi" SID="49">
        <P Name="Position">[70, 320, 100, 350]</P>
        <P Name="ZOrder">254</P>
        <P Name="ForegroundColor">red</P>
        <P Name="Value">0</P>
      </Block>
      <Block BlockType="Constant" Name="psi" SID="50">
        <P Name="Position">[70, 420, 100, 450]</P>
        <P Name="ZOrder">253</P>
        <P Name="ForegroundColor">red</P>
        <P Name="Value">0</P>
      </Block>
      <Block BlockType="Constant" Name="q" SID="51">
        <P Name="Position">[70, 220, 100, 250]</P>
        <P Name="ZOrder">250</P>
        <P Name="ForegroundColor">red</P>
        <P Name="Value">0</P>
      </Block>
      <Block BlockType="Constant" Name="r" SID="52">
        <P Name="Position">[70, 270, 100, 300]</P>
        <P Name="ZOrder">251</P>
        <P Name="ForegroundColor">red</P>
        <P Name="Value">0</P>
      </Block>
      <Block BlockType="Constant" Name="theta" SID="53">
        <P Name="Position">[70, 372, 100, 398]</P>
        <P Name="ZOrder">256</P>
        <P Name="ForegroundColor">red</P>
        <P Name="Value">0</P>
      </Block>
      <Block BlockType="Constant" Name="w" SID="54">
        <P Name="Position">[70, 120, 100, 150]</P>
        <P Name="ZOrder">247</P>
        <P Name="ForegroundColor">red</P>
      </Block>
      <Block BlockType="Constant" Name="y" SID="57">
        <P Name="Position">[20, 520, 50, 550]</P>
        <P Name="ZOrder">264</P>
        <P Name="ForegroundColor">red</P>
        <P Name="Value">0</P>
      </Block>
      <Line>
        <P Name="ZOrder">3</P>
        <P Name="Src">6#out:1</P>
        <P Name="Dst">1#in:1</P>
      </Line>
      <Line>
        <P Name="ZOrder">2</P>
        <P Name="Src">1#out:1</P>
        <P Name="Points">[9, 0; 0, 70]</P>
        <Branch>
          <P Name="ZOrder">59</P>
          <P Name="Points">[0, 113; -579, 0; 0, -218]</P>
          <P Name="Dst">6#in:1</P>
        </Branch>
        <Branch>
          <P Name="ZOrder">56</P>
          <P Name="Dst">73#in:1</P>
        </Branch>
      </Line>
      <Line>
        <P Name="ZOrder">5</P>
        <P Name="Src">43#out:1</P>
        <P Name="Dst">42#in:1</P>
      </Line>
      <Line>
        <P Name="ZOrder">6</P>
        <P Name="Src">44#out:1</P>
        <P Name="Dst">42#in:2</P>
      </Line>
      <Line>
        <P Name="ZOrder">7</P>
        <P Name="Src">54#out:1</P>
        <P Name="Dst">42#in:3</P>
      </Line>
      <Line>
        <P Name="ZOrder">8</P>
        <P Name="Src">48#out:1</P>
        <P Name="Dst">42#in:4</P>
      </Line>
      <Line>
        <P Name="ZOrder">9</P>
        <P Name="Src">51#out:1</P>
        <P Name="Dst">42#in:5</P>
      </Line>
      <Line>
        <P Name="ZOrder">10</P>
        <P Name="Src">52#out:1</P>
        <P Name="Dst">42#in:6</P>
      </Line>
      <Line>
        <P Name="ZOrder">11</P>
        <P Name="Src">49#out:1</P>
        <P Name="Dst">42#in:7</P>
      </Line>
      <Line>
        <P Name="ZOrder">12</P>
        <P Name="Src">50#out:1</P>
        <P Name="Dst">42#in:9</P>
      </Line>
      <Line>
        <P Name="ZOrder">13</P>
        <P Name="Src">53#out:1</P>
        <P Name="Dst">42#in:8</P>
      </Line>
      <Line>
        <P Name="ZOrder">32</P>
        <P Name="Src">42#out:1</P>
        <P Name="Points">[137, 0; 0, 75]</P>
        <P Name="Dst">6#in:2</P>
      </Line>
      <Line>
        <P Name="ZOrder">54</P>
        <P Name="Src">70#out:1</P>
        <P Name="Dst">42#in:10</P>
      </Line>
      <Line>
        <P Name="ZOrder">35</P>
        <P Name="Src">57#out:1</P>
        <P Name="Dst">42#in:11</P>
      </Line>
      <Line>
        <P Name="ZOrder">55</P>
        <P Name="Src">71#out:1</P>
        <P Name="Dst">42#in:12</P>
      </Line>
      <Line>
        <P Name="ZOrder">65</P>
        <P Name="Src">73#out:12</P>
        <P Name="Points">[75, 0; 0, -305]</P>
        <P Name="Dst">60#in:2</P>
      </Line>
      <Line>
        <P Name="ZOrder">66</P>
        <P Name="Src">73#out:10</P>
        <P Name="Points">[35, 0; 0, -230]</P>
        <P Name="Dst">60#in:1</P>
      </Line>
    </System>
  </Model>
</ModelInformation>
