<?xml version="1.0" encoding="utf-8"?>
<Stateflow>
  <machine id="12">
    <P Name="created">31-Jan-2018 12:26:07</P>
    <P Name="isLibrary">0</P>
    <P Name="sfVersion">80000005</P>
    <Children>
      <target id="52" name="sfun">
        <P Name="description">Default Simulink S-Function Target.</P>
      </target>
      <chart id="13">
        <P Name="name">PID Control/MATLAB Function1</P>
        <P Name="windowPosition">[401.085 107.167 213 385]</P>
        <P Name="viewLimits">[0 156.75 0 153.75]</P>
        <P Name="screen">[1 1 1366 768 1.333333333333333]</P>
        <P Name="viewObj">13</P>
        <P Name="ssIdHighWaterMark">11</P>
        <P Name="decomposition">CLUSTER_CHART</P>
        <P Name="type">EML_CHART</P>
        <P Name="chartFileNumber">1</P>
        <P Name="disableImplicitCasting">1</P>
        <eml>
          <P Name="name">control</P>
        </eml>
        <Children>
          <state SSID="1">
            <P Name="labelString">eML_blk_kernel()</P>
            <P Name="position">[18 64.5 118 66]</P>
            <P Name="fontSize">12</P>
            <P Name="superState">SUBCHART</P>
            <P Name="subviewer">13</P>
            <P Name="type">FUNC_STATE</P>
            <P Name="decomposition">CLUSTER_STATE</P>
            <eml>
              <P Name="isEML">1</P>
              <P Name="script">function out=control(states, task, m, g, Ix, Iy, Iz)
% ----------------------------------------------------
% This script applies the control laws to the input
% data inferred from the sensors to obtain the values
% of the four control variables Ui.
% ----------------------------------------------------
%#codegen

%Linear Velocity Components
%u=states(1); %This is effectively U
%v=states(2); %V
w=states(3); %W

%Angular Velocity Components
p=states(4); %P
q=states(5); %Q
r=states(6); %R

%Euler Angles
phi=states(7);
theta=states(8);
psi=states(9);

%Linear Positions
%x=states(10);
%y=states(11);
z=states(12);

% Task data
heightd = task(1);
rolld = task(2);
pitchd = task(3);
yawd = task(4);

% Control parameters
k1 = 4;
k2 = 2;
k3 = 4;
k4 = 2;
k5 = 2;
k6 = 2;
k7 = 2;
k8 = 2;

% Control laws
control_1 = -k1*(z - heightd) - k2*w;
U1 = (m*g+control_1)/(cos(phi)*cos(theta)); 
U2 = Ix*(-k3*(phi - rolld) - k4*p);
U3 = Iy*(-k5*(theta - pitchd) - k6*q);
U4 = Iz*(-k7*(psi - yawd) - k8*r);

out = zeros(4,1);
out(1) = U1;
out(2) = U2;
out(3) = U3;
out(4) = U4;
</P>
              <P Name="editorLayout" Class="double">Matrix(4,1)
[[10.0]; [5.0]; [700.0]; [500.0]]</P>
            </eml>
          </state>
          <data SSID="4" name="states">
            <P Name="scope">INPUT_DATA</P>
            <props>
              <array>
                <P Name="size">-1</P>
              </array>
              <type>
                <P Name="method">SF_INHERITED_TYPE</P>
                <P Name="primitive">SF_DOUBLE_TYPE</P>
              </type>
              <P Name="complexity">SF_COMPLEX_INHERITED</P>
            </props>
            <P Name="dataType">Inherit: Same as Simulink</P>
          </data>
          <data SSID="11" name="task">
            <P Name="scope">INPUT_DATA</P>
            <props>
              <array>
                <P Name="size">-1</P>
              </array>
              <type>
                <P Name="method">SF_INHERITED_TYPE</P>
                <P Name="primitive">SF_DOUBLE_TYPE</P>
                <P Name="isSigned">1</P>
                <P Name="wordLength">16</P>
              </type>
              <P Name="complexity">SF_COMPLEX_INHERITED</P>
              <P Name="frame">SF_FRAME_INHERITED</P>
            </props>
            <P Name="dataType">Inherit: Same as Simulink</P>
          </data>
          <data SSID="5" name="out">
            <P Name="scope">OUTPUT_DATA</P>
            <props>
              <array>
                <P Name="size">-1</P>
              </array>
              <type>
                <P Name="method">SF_INHERITED_TYPE</P>
                <P Name="primitive">SF_DOUBLE_TYPE</P>
              </type>
              <P Name="complexity">SF_COMPLEX_INHERITED</P>
              <P Name="frame">SF_FRAME_NO</P>
            </props>
            <P Name="dataType">Inherit: Same as Simulink</P>
          </data>
          <data SSID="6" name="m">
            <P Name="description">Mass of the quadrotor.</P>
            <P Name="scope">PARAMETER_DATA</P>
            <P Name="paramIndexForInitFromWorkspace">4</P>
            <props>
              <array>
                <P Name="size">-1</P>
              </array>
              <type>
                <P Name="method">SF_INHERITED_TYPE</P>
                <P Name="primitive">SF_DOUBLE_TYPE</P>
                <P Name="isSigned">1</P>
                <P Name="wordLength">16</P>
              </type>
              <P Name="complexity">SF_COMPLEX_INHERITED</P>
              <P Name="frame">SF_FRAME_INHERITED</P>
            </props>
            <P Name="dataType">Inherit: Same as Simulink</P>
          </data>
          <data SSID="7" name="g">
            <P Name="description">Gavitational acceleration</P>
            <P Name="scope">PARAMETER_DATA</P>
            <P Name="paramIndexForInitFromWorkspace">3</P>
            <props>
              <array>
                <P Name="size">-1</P>
              </array>
              <type>
                <P Name="method">SF_INHERITED_TYPE</P>
                <P Name="primitive">SF_DOUBLE_TYPE</P>
                <P Name="isSigned">1</P>
                <P Name="wordLength">16</P>
              </type>
              <P Name="complexity">SF_COMPLEX_INHERITED</P>
              <P Name="frame">SF_FRAME_INHERITED</P>
            </props>
            <P Name="dataType">Inherit: Same as Simulink</P>
          </data>
          <data SSID="8" name="Ix">
            <P Name="description">Inertia matrix x component.</P>
            <P Name="scope">PARAMETER_DATA</P>
            <props>
              <array>
                <P Name="size">-1</P>
              </array>
              <type>
                <P Name="method">SF_INHERITED_TYPE</P>
                <P Name="primitive">SF_DOUBLE_TYPE</P>
                <P Name="isSigned">1</P>
                <P Name="wordLength">16</P>
              </type>
              <P Name="complexity">SF_COMPLEX_INHERITED</P>
              <P Name="frame">SF_FRAME_INHERITED</P>
            </props>
            <P Name="dataType">Inherit: Same as Simulink</P>
          </data>
          <data SSID="9" name="Iy">
            <P Name="description">Inertia matrix y component.</P>
            <P Name="scope">PARAMETER_DATA</P>
            <P Name="paramIndexForInitFromWorkspace">1</P>
            <props>
              <array>
                <P Name="size">-1</P>
              </array>
              <type>
                <P Name="method">SF_INHERITED_TYPE</P>
                <P Name="primitive">SF_DOUBLE_TYPE</P>
                <P Name="isSigned">1</P>
                <P Name="wordLength">16</P>
              </type>
              <P Name="complexity">SF_COMPLEX_INHERITED</P>
              <P Name="frame">SF_FRAME_INHERITED</P>
            </props>
            <P Name="dataType">Inherit: Same as Simulink</P>
          </data>
          <data SSID="10" name="Iz">
            <P Name="description">Inertia matrix z component.</P>
            <P Name="scope">PARAMETER_DATA</P>
            <P Name="paramIndexForInitFromWorkspace">2</P>
            <props>
              <array>
                <P Name="size">-1</P>
              </array>
              <type>
                <P Name="method">SF_INHERITED_TYPE</P>
                <P Name="primitive">SF_DOUBLE_TYPE</P>
                <P Name="isSigned">1</P>
                <P Name="wordLength">16</P>
              </type>
              <P Name="complexity">SF_COMPLEX_INHERITED</P>
              <P Name="frame">SF_FRAME_INHERITED</P>
            </props>
            <P Name="dataType">Inherit: Same as Simulink</P>
          </data>
          <transition SSID="2">
            <P Name="labelString">{eML_blk_kernel();}</P>
            <P Name="labelPosition">[32.125 19.875 102.544 14.964]</P>
            <P Name="fontSize">12</P>
            <src>
              <P Name="intersection">[0 0 1 0 23.5747 14.625 0 0]</P>
            </src>
            <dst>
              <P Name="SSID">3</P>
              <P Name="intersection">[1 0 -1 0 23.5747 42.5747 0 0]</P>
            </dst>
            <P Name="midPoint">[23.5747 24.9468]</P>
            <P Name="dataLimits">[21.175 25.975 14.625 42.575]</P>
            <P Name="subviewer">13</P>
            <P Name="drawStyle">SMART</P>
            <slide>
              <P Name="sticky">BOTH_STICK</P>
            </slide>
            <P Name="executionOrder">1</P>
          </transition>
          <junction SSID="3">
            <P Name="position">[23.5747 49.5747 7]</P>
            <P Name="subviewer">13</P>
            <P Name="type">CONNECTIVE_JUNCTION</P>
          </junction>
        </Children>
      </chart>
      <chart id="26">
        <P Name="name">PID Control/MATLAB Function</P>
        <P Name="windowPosition">[422 539.941 189 413]</P>
        <P Name="viewLimits">[0 156.75 0 153.75]</P>
        <P Name="screen">[1 1 3600 1200 1.180555555555556]</P>
        <P Name="viewObj">26</P>
        <P Name="ssIdHighWaterMark">8</P>
        <P Name="decomposition">CLUSTER_CHART</P>
        <P Name="type">EML_CHART</P>
        <P Name="chartFileNumber">2</P>
        <P Name="disableImplicitCasting">1</P>
        <eml>
          <P Name="name">translation</P>
        </eml>
        <Children>
          <state SSID="1">
            <P Name="labelString">eML_blk_kernel()</P>
            <P Name="position">[18 64.5 118 66]</P>
            <P Name="fontSize">12</P>
            <P Name="superState">SUBCHART</P>
            <P Name="subviewer">26</P>
            <P Name="type">FUNC_STATE</P>
            <P Name="decomposition">CLUSTER_STATE</P>
            <eml>
              <P Name="isEML">1</P>
              <P Name="script">function [desiredU,desiredV] = translation(xcmd,ycmd,states)
%This function is used to determine the desired velocities that can enable
%the position control of the quadcopter
psi=states(9);
x=states(10);
y=states(11);

Xerr=xcmd-x;
Yerr=ycmd-y;

desiredU=Xerr*cos(psi)+Yerr*sin(psi); %Desired U is the desired velocity in the X direction of the body frame

desiredV=Yerr*cos(psi)-Xerr*sin(psi);%This is the desired velocity in the Y direction of the body frame


</P>
              <P Name="editorLayout" Class="double">Matrix(4,1)
[[10.0]; [5.0]; [700.0]; [500.0]]</P>
            </eml>
          </state>
          <data SSID="4" name="xcmd">
            <P Name="scope">INPUT_DATA</P>
            <props>
              <array>
                <P Name="size">-1</P>
              </array>
              <type>
                <P Name="method">SF_INHERITED_TYPE</P>
                <P Name="primitive">SF_DOUBLE_TYPE</P>
              </type>
              <P Name="complexity">SF_COMPLEX_INHERITED</P>
            </props>
            <P Name="dataType">Inherit: Same as Simulink</P>
          </data>
          <data SSID="5" name="desiredU">
            <P Name="scope">OUTPUT_DATA</P>
            <props>
              <array>
                <P Name="size">-1</P>
              </array>
              <type>
                <P Name="method">SF_INHERITED_TYPE</P>
                <P Name="primitive">SF_DOUBLE_TYPE</P>
              </type>
              <P Name="complexity">SF_COMPLEX_INHERITED</P>
              <P Name="frame">SF_FRAME_NO</P>
            </props>
            <P Name="dataType">Inherit: Same as Simulink</P>
          </data>
          <data SSID="6" name="ycmd">
            <P Name="scope">INPUT_DATA</P>
            <props>
              <array>
                <P Name="size">-1</P>
              </array>
              <type>
                <P Name="method">SF_INHERITED_TYPE</P>
                <P Name="primitive">SF_DOUBLE_TYPE</P>
                <P Name="isSigned">1</P>
                <P Name="wordLength">16</P>
              </type>
              <P Name="complexity">SF_COMPLEX_INHERITED</P>
              <P Name="frame">SF_FRAME_INHERITED</P>
            </props>
            <P Name="dataType">Inherit: Same as Simulink</P>
          </data>
          <data SSID="7" name="states">
            <P Name="scope">INPUT_DATA</P>
            <props>
              <array>
                <P Name="size">-1</P>
              </array>
              <type>
                <P Name="method">SF_INHERITED_TYPE</P>
                <P Name="primitive">SF_DOUBLE_TYPE</P>
                <P Name="isSigned">1</P>
                <P Name="wordLength">16</P>
              </type>
              <P Name="complexity">SF_COMPLEX_INHERITED</P>
              <P Name="frame">SF_FRAME_INHERITED</P>
            </props>
            <P Name="dataType">Inherit: Same as Simulink</P>
          </data>
          <data SSID="8" name="desiredV">
            <P Name="scope">OUTPUT_DATA</P>
            <props>
              <array>
                <P Name="size">-1</P>
              </array>
              <type>
                <P Name="method">SF_INHERITED_TYPE</P>
                <P Name="primitive">SF_DOUBLE_TYPE</P>
                <P Name="isSigned">1</P>
                <P Name="wordLength">16</P>
              </type>
              <P Name="complexity">SF_COMPLEX_INHERITED</P>
              <P Name="frame">SF_FRAME_NO</P>
            </props>
            <P Name="dataType">Inherit: Same as Simulink</P>
          </data>
          <transition SSID="2">
            <P Name="labelString">{eML_blk_kernel();}</P>
            <P Name="labelPosition">[28.125 13.875 102.544 14.964]</P>
            <P Name="fontSize">12</P>
            <src>
              <P Name="intersection">[0 0 1 0 23.5747 14.625 0 0]</P>
            </src>
            <dst>
              <P Name="SSID">3</P>
              <P Name="intersection">[1 0 -1 0 23.5747 42.5747 0 0]</P>
            </dst>
            <P Name="midPoint">[23.5747 24.9468]</P>
            <P Name="dataLimits">[21.175 25.975 14.625 42.575]</P>
            <P Name="subviewer">26</P>
            <P Name="drawStyle">SMART</P>
            <slide>
              <P Name="sticky">BOTH_STICK</P>
            </slide>
            <P Name="executionOrder">1</P>
          </transition>
          <junction SSID="3">
            <P Name="position">[23.5747 49.5747 7]</P>
            <P Name="subviewer">26</P>
            <P Name="type">CONNECTIVE_JUNCTION</P>
          </junction>
        </Children>
      </chart>
      <chart id="36">
        <P Name="name">PID Control/ILC Controller (phi)</P>
        <P Name="windowPosition">[422 539.941 189 413]</P>
        <P Name="viewLimits">[0 156.75 0 153.75]</P>
        <P Name="screen">[1 1 3600 1200 1.180555555555556]</P>
        <P Name="viewObj">36</P>
        <P Name="visible">1</P>
        <subviewS>
        </subviewS>
        <P Name="ssIdHighWaterMark">6</P>
        <P Name="decomposition">CLUSTER_CHART</P>
        <P Name="type">EML_CHART</P>
        <P Name="chartFileNumber">3</P>
        <P Name="disableImplicitCasting">1</P>
        <eml>
          <P Name="name">fcn</P>
        </eml>
        <Children>
          <state SSID="1">
            <P Name="labelString">eML_blk_kernel()</P>
            <P Name="position">[18 64.5 118 66]</P>
            <P Name="fontSize">12</P>
            <P Name="superState">SUBCHART</P>
            <P Name="subviewer">36</P>
            <P Name="type">FUNC_STATE</P>
            <P Name="decomposition">CLUSTER_STATE</P>
            <eml>
              <P Name="isEML">1</P>
              <P Name="script">function y = fcn(e , yk_1)
%#codegen

for i=1:5

y = yk_1 + 150*e ; end </P>
              <P Name="editorLayout" Class="double">Matrix(4,1)
[[10.0]; [5.0]; [700.0]; [500.0]]</P>
            </eml>
          </state>
          <data SSID="4" name="e">
            <P Name="scope">INPUT_DATA</P>
            <props>
              <array>
                <P Name="size">-1</P>
              </array>
              <type>
                <P Name="method">SF_INHERITED_TYPE</P>
                <P Name="primitive">SF_DOUBLE_TYPE</P>
              </type>
              <P Name="complexity">SF_COMPLEX_INHERITED</P>
            </props>
            <P Name="dataType">Inherit: Same as Simulink</P>
          </data>
          <data SSID="5" name="y">
            <P Name="scope">OUTPUT_DATA</P>
            <props>
              <array>
                <P Name="size">-1</P>
              </array>
              <type>
                <P Name="method">SF_INHERITED_TYPE</P>
                <P Name="primitive">SF_DOUBLE_TYPE</P>
              </type>
              <P Name="complexity">SF_COMPLEX_INHERITED</P>
              <P Name="frame">SF_FRAME_NO</P>
            </props>
            <P Name="dataType">Inherit: Same as Simulink</P>
          </data>
          <data SSID="6" name="yk_1">
            <P Name="scope">INPUT_DATA</P>
            <props>
              <array>
                <P Name="size">-1</P>
              </array>
              <type>
                <P Name="method">SF_INHERITED_TYPE</P>
                <P Name="primitive">SF_DOUBLE_TYPE</P>
                <P Name="isSigned">1</P>
                <P Name="wordLength">16</P>
              </type>
              <P Name="complexity">SF_COMPLEX_INHERITED</P>
              <P Name="frame">SF_FRAME_INHERITED</P>
            </props>
            <P Name="dataType">Inherit: Same as Simulink</P>
          </data>
          <transition SSID="2">
            <P Name="labelString">{eML_blk_kernel();}</P>
            <P Name="labelPosition">[28.125 13.875 102.544 14.964]</P>
            <P Name="fontSize">12</P>
            <src>
              <P Name="intersection">[0 0 1 0 23.5747 14.625 0 0]</P>
            </src>
            <dst>
              <P Name="SSID">3</P>
              <P Name="intersection">[1 0 -1 0 23.5747 42.5747 0 0]</P>
            </dst>
            <P Name="midPoint">[23.5747 24.9468]</P>
            <P Name="dataLimits">[21.175 25.975 14.625 42.575]</P>
            <P Name="subviewer">36</P>
            <P Name="drawStyle">SMART</P>
            <slide>
              <P Name="sticky">BOTH_STICK</P>
            </slide>
            <P Name="executionOrder">1</P>
          </transition>
          <junction SSID="3">
            <P Name="position">[23.5747 49.5747 7]</P>
            <P Name="subviewer">36</P>
            <P Name="type">CONNECTIVE_JUNCTION</P>
          </junction>
        </Children>
      </chart>
      <chart id="44">
        <P Name="name">PID Control/ILC Controller (phi)1</P>
        <P Name="windowPosition">[422 539.941 189 413]</P>
        <P Name="viewLimits">[0 156.75 0 153.75]</P>
        <P Name="screen">[1 1 3600 1200 1.180555555555556]</P>
        <P Name="viewObj">44</P>
        <P Name="visible">1</P>
        <subviewS>
        </subviewS>
        <P Name="ssIdHighWaterMark">6</P>
        <P Name="decomposition">CLUSTER_CHART</P>
        <P Name="type">EML_CHART</P>
        <P Name="chartFileNumber">4</P>
        <P Name="disableImplicitCasting">1</P>
        <eml>
          <P Name="name">fcn</P>
        </eml>
        <Children>
          <state SSID="1">
            <P Name="labelString">eML_blk_kernel()</P>
            <P Name="position">[18 64.5 118 66]</P>
            <P Name="fontSize">12</P>
            <P Name="superState">SUBCHART</P>
            <P Name="subviewer">44</P>
            <P Name="type">FUNC_STATE</P>
            <P Name="decomposition">CLUSTER_STATE</P>
            <eml>
              <P Name="isEML">1</P>
              <P Name="script">function y = fcn(e , yk_1)
%#codegen

for i=1:5

y = yk_1 + 150*e; end </P>
              <P Name="editorLayout" Class="double">Matrix(4,1)
[[10.0]; [5.0]; [700.0]; [500.0]]</P>
            </eml>
          </state>
          <data SSID="4" name="e">
            <P Name="scope">INPUT_DATA</P>
            <props>
              <array>
                <P Name="size">-1</P>
              </array>
              <type>
                <P Name="method">SF_INHERITED_TYPE</P>
                <P Name="primitive">SF_DOUBLE_TYPE</P>
              </type>
              <P Name="complexity">SF_COMPLEX_INHERITED</P>
            </props>
            <P Name="dataType">Inherit: Same as Simulink</P>
          </data>
          <data SSID="5" name="y">
            <P Name="scope">OUTPUT_DATA</P>
            <props>
              <array>
                <P Name="size">-1</P>
              </array>
              <type>
                <P Name="method">SF_INHERITED_TYPE</P>
                <P Name="primitive">SF_DOUBLE_TYPE</P>
              </type>
              <P Name="complexity">SF_COMPLEX_INHERITED</P>
              <P Name="frame">SF_FRAME_NO</P>
            </props>
            <P Name="dataType">Inherit: Same as Simulink</P>
          </data>
          <data SSID="6" name="yk_1">
            <P Name="scope">INPUT_DATA</P>
            <props>
              <array>
                <P Name="size">-1</P>
              </array>
              <type>
                <P Name="method">SF_INHERITED_TYPE</P>
                <P Name="primitive">SF_DOUBLE_TYPE</P>
                <P Name="isSigned">1</P>
                <P Name="wordLength">16</P>
              </type>
              <P Name="complexity">SF_COMPLEX_INHERITED</P>
              <P Name="frame">SF_FRAME_INHERITED</P>
            </props>
            <P Name="dataType">Inherit: Same as Simulink</P>
          </data>
          <transition SSID="2">
            <P Name="labelString">{eML_blk_kernel();}</P>
            <P Name="labelPosition">[28.125 13.875 102.544 14.964]</P>
            <P Name="fontSize">12</P>
            <src>
              <P Name="intersection">[0 0 1 0 23.5747 14.625 0 0]</P>
            </src>
            <dst>
              <P Name="SSID">3</P>
              <P Name="intersection">[1 0 -1 0 23.5747 42.5747 0 0]</P>
            </dst>
            <P Name="midPoint">[23.5747 24.9468]</P>
            <P Name="dataLimits">[21.175 25.975 14.625 42.575]</P>
            <P Name="subviewer">44</P>
            <P Name="drawStyle">SMART</P>
            <slide>
              <P Name="sticky">BOTH_STICK</P>
            </slide>
            <P Name="executionOrder">1</P>
          </transition>
          <junction SSID="3">
            <P Name="position">[23.5747 49.5747 7]</P>
            <P Name="subviewer">44</P>
            <P Name="type">CONNECTIVE_JUNCTION</P>
          </junction>
        </Children>
      </chart>
    </Children>
  </machine>
  <instance id="25">
    <P Name="name">PID Control/MATLAB Function1</P>
    <P Name="machine">12</P>
    <P Name="chart">13</P>
  </instance>
  <instance id="35">
    <P Name="name">PID Control/MATLAB Function</P>
    <P Name="machine">12</P>
    <P Name="chart">26</P>
  </instance>
  <instance id="43">
    <P Name="name">PID Control/ILC Controller (phi)</P>
    <P Name="machine">12</P>
    <P Name="chart">36</P>
  </instance>
  <instance id="51">
    <P Name="name">PID Control/ILC Controller (phi)1</P>
    <P Name="machine">12</P>
    <P Name="chart">44</P>
  </instance>
</Stateflow>
