<?xml version="1.0" encoding="UTF-8" standalone="yes" ?><cp:coreProperties xmlns:cp="http://schemas.openxmlformats.org/package/2006/metadata/core-properties" xmlns:dc="http://purl.org/dc/elements/1.1/" xmlns:dcmitype="http://purl.org/dc/dcmitype/" xmlns:dcterms="http://purl.org/dc/terms/" xmlns:xsi="http://www.w3.org/2001/XMLSchema-instance"><cp:category>Model</cp:category><dcterms:created xsi:type="dcterms:W3CDTF">2018-01-31T16:25:52Z</dcterms:created><dc:creator>Craig</dc:creator><cp:lastModifiedBy>Shazara Bassarath</cp:lastModifiedBy><dcterms:modified xsi:type="dcterms:W3CDTF">2018-01-31T18:19:03Z</dcterms:modified><cp:revision>1.24</cp:revision><cp:version>R2015a</cp:version></cp:coreProperties>